<?xml version="1.0"?>
<doc>
    <assembly>
        <name>DLToolkit.Forms.Controls.FlowListView</name>
    </assembly>
    <members>
        <member name="T:DLToolkit.Forms.Controls.FlowListView">
            <summary>
            FlowListView.
            </summary>
        </member>
        <member name="M:DLToolkit.Forms.Controls.FlowListView.Init">
            <summary>
            Used to avoid linking issues
            eg. when using only XAML
            </summary>
        </member>
        <member name="M:DLToolkit.Forms.Controls.FlowListView.#ctor">
            <summary>
            Initializes a new instance of the <see cref="T:DLToolkit.Forms.Controls.FlowListView"/> class.
            </summary>
        </member>
        <member name="M:DLToolkit.Forms.Controls.FlowListView.#ctor(Xamarin.Forms.ListViewCachingStrategy)">
            <summary>
            Initializes a new instance of the <see cref="T:DLToolkit.Forms.Controls.FlowListView"/> class.
            </summary>
            <param name="cachingStrategy">Caching strategy.</param>
        </member>
        <member name="F:DLToolkit.Forms.Controls.FlowListView.FlowColumnExpandProperty">
            <summary>
            The flow group grouping key selector property.
            </summary>
        </member>
        <member name="P:DLToolkit.Forms.Controls.FlowListView.FlowColumnExpand">
            <summary>
            Gets or sets FlowListView column expand mode.
            It defines how columns should expand when 
            row current column count is less than defined columns templates count
            </summary>
            <value>FlowListView column expand mode.</value>
        </member>
        <member name="P:DLToolkit.Forms.Controls.FlowListView.FlowGroupColumnCountBinding">
            <summary>
            Gets or sets the flow column count.
            </summary>
            <value>The flow column count binding.</value>
        </member>
        <member name="P:DLToolkit.Forms.Controls.FlowListView.FlowItemVisibleBinding">
            <summary>
            Gets or sets the flow item is visible.
            </summary>
            <value>The flow item is visible.</value>
        </member>
        <member name="P:DLToolkit.Forms.Controls.FlowListView.FlowGroupHeaderModelBinding">
            <summary>
            Gets or sets the flow group model binding.
            It will be available as Model property in your
            group header BindingContext
            </summary>
            <value>The flow group model binding.</value>
        </member>
        <member name="P:DLToolkit.Forms.Controls.FlowListView.FlowGroupDisplayBinding">
            <summary>
            Gets or sets the flow group display binding.
            </summary>
            <value>The flow group display binding.</value>
        </member>
        <member name="P:DLToolkit.Forms.Controls.FlowListView.FlowGroupShortNameBinding">
            <summary>
            Gets or sets the flow group short name binding.
            </summary>
            <value>The flow group short name binding.</value>
        </member>
        <member name="F:DLToolkit.Forms.Controls.FlowListView.FlowColumnCountProperty">
            <summary>
            The flow column count property.
            </summary>
        </member>
        <member name="P:DLToolkit.Forms.Controls.FlowListView.FlowColumnCount">
            <summary>
            Enables or disables FlowListView auto/manual column count.
            Auto Column count is calculated basing on View width 
            and <c>FlowColumnMinWidth</c> property
            </summary>
            <value>The flow column count.</value>
        </member>
        <member name="F:DLToolkit.Forms.Controls.FlowListView.FlowDesiredColumnCountPropertyKey">
            <summary>
            The flow desired column count property key.
            </summary>
        </member>
        <member name="F:DLToolkit.Forms.Controls.FlowListView.FlowDesiredColumnCountProperty">
            <summary>
            The flow column count property.
            </summary>
        </member>
        <member name="P:DLToolkit.Forms.Controls.FlowListView.FlowDesiredColumnCount">
            <summary>
            Flow Column count desired.
            </summary>
            <value>The flow column count desired.</value>
        </member>
        <member name="F:DLToolkit.Forms.Controls.FlowListView.FlowColumnMinWidthProperty">
            <summary>
            The flow column default minimum width property.
            </summary>
        </member>
        <member name="P:DLToolkit.Forms.Controls.FlowListView.FlowColumnMinWidth">
            <summary>
            Gets or sets the minimum column width of FlowListView.
            Currently used only with <c>FlowAutoColumnCount</c> option
            </summary>
            <value>The minimum column width.</value>
        </member>
        <member name="F:DLToolkit.Forms.Controls.FlowListView.FlowRowBackgroundColorProperty">
            <summary>
            The flow row background color property.
            </summary>
        </member>
        <member name="P:DLToolkit.Forms.Controls.FlowListView.FlowRowBackgroundColor">
            <summary>
            Gets or sets the color of the flow default row background.
            Default: Transparent
            </summary>
            <value>The color of the flow default row background.</value>
        </member>
        <member name="E:DLToolkit.Forms.Controls.FlowListView.FlowItemTapped">
            <summary>
            Occurs when FlowListView item is tapped.
            </summary>
        </member>
        <member name="E:DLToolkit.Forms.Controls.FlowListView.FlowItemAppearing">
            <summary>
            Occurs when flow item is appearing.
            </summary>
        </member>
        <member name="E:DLToolkit.Forms.Controls.FlowListView.FlowItemDisappearing">
            <summary>
            Occurs when flow item is disappearing.
            </summary>
        </member>
        <member name="F:DLToolkit.Forms.Controls.FlowListView.FlowTappedBackgroundColorProperty">
            <summary>
            FlowTappedBackgroundColor property.
            </summary>
        </member>
        <member name="P:DLToolkit.Forms.Controls.FlowListView.FlowUseAbsoluteLayoutInternally">
            <summary>
            Forces FlowListView to use AbsoluteLayout internally
            When Enabled, auto row height can't be measured automatically,
            but it can improve performance
            </summary>
            <value><c>true</c> if flow use absolute layout internally; otherwise, <c>false</c>.</value>
        </member>
        <member name="P:DLToolkit.Forms.Controls.FlowListView.FlowTappedBackgroundColor">
            <summary>
            Gets or sets the background color of the cell when tapped.
            </summary>
            <value>The color of the flow tapped background.</value>
        </member>
        <member name="F:DLToolkit.Forms.Controls.FlowListView.FlowTappedBackgroundDelayProperty">
            <summary>
            FlowTappedBackgroundDelay property.
            </summary>
        </member>
        <member name="P:DLToolkit.Forms.Controls.FlowListView.FlowTappedBackgroundDelay">
            <summary>
            Gets or sets the background color delay of the cell when tapped (miliseconds).
            </summary>
            <value>The flow tapped background delay.</value>
        </member>
        <member name="F:DLToolkit.Forms.Controls.FlowListView.FlowLastTappedItemProperty">
            <summary>
            FlowLastTappedItemProperty.
            </summary>
        </member>
        <member name="P:DLToolkit.Forms.Controls.FlowListView.FlowLastTappedItem">
            <summary>
            Gets FlowListView last tapped item.
            </summary>
            <value>FlowListView last tapped item.</value>
        </member>
        <member name="F:DLToolkit.Forms.Controls.FlowListView.FlowItemTappedCommandProperty">
            <summary>
            FlowItemTappedCommandProperty.
            </summary>
        </member>
        <member name="P:DLToolkit.Forms.Controls.FlowListView.FlowItemTappedCommand">
            <summary>
            Gets or sets FlowListView item tapped command.
            </summary>
            <value>FlowListView item tapped command.</value>
        </member>
        <member name="F:DLToolkit.Forms.Controls.FlowListView.FlowItemAppearingCommandProperty">
            <summary>
            FlowItemAppearingCommandProperty.
            </summary>
        </member>
        <member name="P:DLToolkit.Forms.Controls.FlowListView.FlowItemAppearingCommand">
            <summary>
            Gets or sets FlowListView item tapped command.
            </summary>
            <value>FlowListView item tapped command.</value>
        </member>
        <member name="F:DLToolkit.Forms.Controls.FlowListView.FlowItemDisappearingCommandProperty">
            <summary>
            FlowItemDisappearingCommandProperty.
            </summary>
        </member>
        <member name="P:DLToolkit.Forms.Controls.FlowListView.FlowItemDisappearingCommand">
            <summary>
            Gets or sets FlowListView item tapped command.
            </summary>
            <value>FlowListView item tapped command.</value>
        </member>
        <member name="F:DLToolkit.Forms.Controls.FlowListView.FlowItemsSourceProperty">
            <summary>
            FlowItemsSourceProperty.
            </summary>
        </member>
        <member name="P:DLToolkit.Forms.Controls.FlowListView.FlowItemsSource">
            <summary>
            Gets FlowListView items source.
            </summary>
            <value>FlowListView items source.</value>
        </member>
        <member name="F:DLToolkit.Forms.Controls.FlowListView.FlowColumnTemplateProperty">
            <summary>
            FlowColumnsTemplatesProperty.
            </summary>
        </member>
        <member name="P:DLToolkit.Forms.Controls.FlowListView.FlowColumnTemplate">
            <summary>
            Gets or sets FlowListView columns templates.
            Use instance of <c>FlowColumnSimpleTemplateSelector</c> for simple single view scenarios
            or implement your own FlowColumnTemplateSelector which can return cell type 
            basing on current cell BindingContext
            </summary>
            <value>FlowListView columns templates.</value>
        </member>
        <member name="F:DLToolkit.Forms.Controls.FlowListView.FlowIsLoadingInfiniteEnabledProperty">
            <summary>
            The is loading infinite is enabled property.
            </summary>
        </member>
        <member name="P:DLToolkit.Forms.Controls.FlowListView.FlowIsLoadingInfiniteEnabled">
            <summary>
            Gets or sets FlowIsLoadingInfiniteEnabled loading is enabled.
            </summary>
            <value>FlowIsLoadingInfiniteEnabled loading is enabled.</value>
        </member>
        <member name="F:DLToolkit.Forms.Controls.FlowListView.FlowIsLoadingInfiniteProperty">
            <summary>
            The is loading infinite is running property.
            </summary>
        </member>
        <member name="P:DLToolkit.Forms.Controls.FlowListView.FlowIsLoadingInfinite">
            <summary>
            Gets or sets FlowIsLoadingInfinite loading is running.
            </summary>
            <value>FlowIsLoadingInfinite loading is running</value>
        </member>
        <member name="F:DLToolkit.Forms.Controls.FlowListView.FlowTotalRecordsProperty">
            <summary>
            The total of records to loading infinite property.
            </summary>
        </member>
        <member name="P:DLToolkit.Forms.Controls.FlowListView.FlowTotalRecords">
            <summary>
            Gets or sets FlowTotalRecords total records to loading infinite.
            It defines how columns should expand when 
            row current column count is less than defined columns templates count
            </summary>
            <value>FlowTotalRecords total records to loading infinite.</value>
        </member>
        <member name="F:DLToolkit.Forms.Controls.FlowListView.FlowLoadingTemplateProperty">
            <summary>
            FlowLoadingTemplateProperty.
            </summary>
        </member>
        <member name="P:DLToolkit.Forms.Controls.FlowListView.FlowLoadingTemplate">
            <summary>
            Gets or sets FlowLoadingTemplate loading template (ViewCell type).
            </summary>
            <value>FlowLoadingTemplate loading template (ViewCell type).</value>
        </member>
        <member name="F:DLToolkit.Forms.Controls.FlowListView.FlowLoadingCommandProperty">
            <summary>
            FlowLoadingCommandProperty.
            </summary>
        </member>
        <member name="P:DLToolkit.Forms.Controls.FlowListView.FlowLoadingCommand">
            <summary>
            Gets or sets FlowLoadingCommand loading execute command.
            </summary>
            <value>FlowLoadingCommand loading execute command.</value>
        </member>
        <member name="F:DLToolkit.Forms.Controls.FlowListView.FlowEmptyTemplateProperty">
            <summary>
            FlowEmptyTemplateProperty.
            </summary>
        </member>
        <member name="P:DLToolkit.Forms.Controls.FlowListView.FlowEmptyTemplate">
            <summary>
            Gets or sets FlowEmptyTemplate empty data template (ViewCell type).
            </summary>
            <value>FlowEmptyTemplate empty data template (ViewCell type).</value>
        </member>
        <member name="M:DLToolkit.Forms.Controls.FlowListView.ForceReload(System.Boolean)">
            <summary>
            Forces FlowListView reload.
            </summary>
        </member>
        <member name="M:DLToolkit.Forms.Controls.FlowListView.OnSizeAllocated(System.Double,System.Double)">
            <summary>
            OnSizeAllocated.
            </summary>
            <param name="width">Width.</param>
            <param name="height">Height.</param>
        </member>
        <member name="M:DLToolkit.Forms.Controls.FlowListView.FlowScrollTo(System.Object,Xamarin.Forms.ScrollToPosition,System.Boolean)">
            <summary>
            Scrolls list to specified item
            </summary>
            <param name="item">Item.</param>
            <param name="position">Position.</param>
            <param name="animated">If set to <c>true</c> animated.</param>
        </member>
        <member name="M:DLToolkit.Forms.Controls.FlowListView.Dispose">
            <summary>
            Releases all resource used by the <see cref="T:DLToolkit.Forms.Controls.FlowListView"/> object.
            </summary>
            <remarks>Call <see cref="M:DLToolkit.Forms.Controls.FlowListView.Dispose"/> when you are finished using the <see cref="T:DLToolkit.Forms.Controls.FlowListView"/>.
            The <see cref="M:DLToolkit.Forms.Controls.FlowListView.Dispose"/> method leaves the <see cref="T:DLToolkit.Forms.Controls.FlowListView"/> in an unusable
            state. After calling <see cref="M:DLToolkit.Forms.Controls.FlowListView.Dispose"/>, you must release all references to the
            <see cref="T:DLToolkit.Forms.Controls.FlowListView"/> so the garbage collector can reclaim the memory that the
            <see cref="T:DLToolkit.Forms.Controls.FlowListView"/> was occupying.</remarks>
        </member>
        <member name="T:DLToolkit.Forms.Controls.FlowListViewInternalCell">
            <summary>
            Flow list view internal cell.
            </summary>
        </member>
        <member name="M:DLToolkit.Forms.Controls.FlowListViewInternalCell.#ctor(System.WeakReference{DLToolkit.Forms.Controls.FlowListView})">
            <summary>
            Initializes a new instance of the <see cref="T:DLToolkit.Forms.Controls.FlowListViewInternalCell"/> class.
            </summary>
            <param name="flowListViewRef">Flow list view reference.</param>
        </member>
        <member name="M:DLToolkit.Forms.Controls.FlowListViewInternalCell.OnBindingContextChanged">
            <summary>
            Override this method to execute an action when the BindingContext changes.
            </summary>
            <remarks></remarks>
        </member>
        <member name="T:DLToolkit.Forms.Controls.FlowColumnExpand">
            <summary>
            FlowListView column expand mode.
            </summary>
        </member>
        <member name="F:DLToolkit.Forms.Controls.FlowColumnExpand.None">
            <summary>
            None (default)
            </summary>
        </member>
        <member name="F:DLToolkit.Forms.Controls.FlowColumnExpand.First">
            <summary>
            Only first column is expanded
            </summary>
        </member>
        <member name="F:DLToolkit.Forms.Controls.FlowColumnExpand.Last">
            <summary>
            Only last column is expanded
            </summary>
        </member>
        <member name="F:DLToolkit.Forms.Controls.FlowColumnExpand.Proportional">
            <summary>
            Columns are expanded proportionally
            </summary>
        </member>
        <member name="F:DLToolkit.Forms.Controls.FlowColumnExpand.ProportionalFirst">
            <summary>
            Columns are expanded proportionally
            First column expand more to keep columns parallel
            </summary>
        </member>
        <member name="F:DLToolkit.Forms.Controls.FlowColumnExpand.ProportionalLast">
            <summary>
            Columns are expanded proportionally
            Last column expand more to keep columns parallel
            </summary>
        </member>
        <member name="T:DLToolkit.Forms.Controls.FlowScrollCell">
            <summary>
            FlowListView scroll cell.
            </summary>
        </member>
        <member name="M:DLToolkit.Forms.Controls.FlowScrollCell.#ctor">
            <summary>
            Initializes a new instance of the <see cref="T:DLToolkit.Forms.Controls.FlowScrollCell"/> class.
            </summary>
        </member>
        <member name="M:DLToolkit.Forms.Controls.FlowScrollCell.OnTapped">
            <summary>
            Raised when cell is tapped.
            </summary>
        </member>
        <member name="T:DLToolkit.Forms.Controls.FlowStackCell">
            <summary>
            FlowListView stack cell.
            </summary>
        </member>
        <member name="M:DLToolkit.Forms.Controls.FlowStackCell.#ctor">
            <summary>
            Initializes a new instance of the <see cref="T:DLToolkit.Forms.Controls.FlowStackCell"/> class.
            </summary>
        </member>
        <member name="M:DLToolkit.Forms.Controls.FlowStackCell.OnTapped">
            <summary>
            Raised when cell is tapped.
            </summary>
        </member>
        <member name="T:DLToolkit.Forms.Controls.FlowViewCell">
            <summary>
            FlowListView content view cell.
            </summary>
        </member>
        <member name="M:DLToolkit.Forms.Controls.FlowViewCell.#ctor">
            <summary>
            Initializes a new instance of the <see cref="T:DLToolkit.Forms.Controls.FlowViewCell"/> class.
            </summary>
        </member>
        <member name="M:DLToolkit.Forms.Controls.FlowViewCell.OnTapped">
            <summary>
            Raised when cell is tapped.
            </summary>
        </member>
        <member name="T:DLToolkit.Forms.Controls.IFlowViewCell">
            <summary>
            IFlowViewCell.
            </summary>
        </member>
        <member name="M:DLToolkit.Forms.Controls.IFlowViewCell.OnTapped">
            <summary>
            Raised when cell is tapped.
            </summary>
        </member>
        <member name="T:DLToolkit.Forms.Controls.FlowGridCell">
            <summary>
            FlowListView grid cell.
            </summary>
        </member>
        <member name="M:DLToolkit.Forms.Controls.FlowGridCell.#ctor">
            <summary>
            Initializes a new instance of the <see cref="T:DLToolkit.Forms.Controls.FlowGridCell"/> class.
            </summary>
        </member>
        <member name="M:DLToolkit.Forms.Controls.FlowGridCell.OnTapped">
            <summary>
            Raised when cell is tapped.
            </summary>
        </member>
        <member name="T:DLToolkit.Forms.Controls.FlowTemplateSelector">
            <summary>
            Flow template selector.
            </summary>
        </member>
        <member name="M:DLToolkit.Forms.Controls.FlowTemplateSelector.SelectTemplate(System.Object,System.Int32,Xamarin.Forms.BindableObject)">
            <summary>
            Selects the template.
            </summary>
            <returns>The template.</returns>
            <param name="item">Item.</param>
            <param name="columnIndex">Column index.</param>
            <param name="container">Container.</param>
        </member>
        <member name="M:DLToolkit.Forms.Controls.FlowTemplateSelector.OnSelectTemplate(System.Object,System.Int32,Xamarin.Forms.BindableObject)">
            <summary>
            Ons the select template.
            </summary>
            <returns>The select template.</returns>
            <param name="item">Item.</param>
            <param name="columnIndex">Column index.</param>
            <param name="container">Container.</param>
        </member>
        <member name="T:DLToolkit.Forms.Controls.FlowObservableCollection`1">
            <summary>
            FlowObservableCollection.
            </summary>
        </member>
        <member name="M:DLToolkit.Forms.Controls.FlowObservableCollection`1.#ctor">
            <summary>
            Constructor.
            </summary>
        </member>
        <member name="M:DLToolkit.Forms.Controls.FlowObservableCollection`1.#ctor(System.Collections.Generic.IEnumerable{`0})">
            <summary>
            Constructor from items.
            </summary>
        </member>
        <member name="M:DLToolkit.Forms.Controls.FlowObservableCollection`1.AddRange(System.Collections.Generic.IEnumerable{`0})">
            <summary>
            Adds the range.
            </summary>
            <param name="items">Items.</param>
        </member>
        <member name="M:DLToolkit.Forms.Controls.FlowObservableCollection`1.Repopulate(System.Collections.Generic.IEnumerable{`0})">
            <summary>
            Repopulate the specified items.
            </summary>
            <returns>The repopulate.</returns>
            <param name="items">Items.</param>
        </member>
        <member name="M:DLToolkit.Forms.Controls.FlowObservableCollection`1.RemoveRange(System.Collections.Generic.IEnumerable{`0})">
            <summary>
            Removes the range.
            </summary>
            <param name="items">Items.</param>
        </member>
        <member name="M:DLToolkit.Forms.Controls.FlowObservableCollection`1.OnCollectionChanged(System.Collections.Specialized.NotifyCollectionChangedEventArgs)">
            <summary>
            Override OnCollectionChanged to Batch process.
            </summary>
        </member>
    </members>
</doc>
