﻿<resources>
  <style name="MyTheme" parent="MyTheme.Base">
  </style>
  <style name="MyTheme.Base" parent="Theme.AppCompat.Light.NoActionBar">
    <item name="colorPrimary">@color/primary</item>
    <item name="colorPrimaryDark">@color/primaryDark</item>
    <item name="colorAccent">@color/accent</item>
    <item name="android:windowBackground">@color/window_background</item>
  </style>
   <style name="splashscreen" parent="Theme.AppCompat.Light.NoActionBar">
      <item name="android:windowBackground">@drawable/splashscreen</item>
      <item name="android:windowNoTitle">true</item>
      <item name="android:windowIsTranslucent">false</item>
      <item name="android:windowIsFloating">false</item>
      <item name="android:backgroundDimEnabled">true</item>
    </style>
</resources>

